[
    {
        "Name":"Student_1",
        "Attendance":86
    },
    {
        "Name":"Student_2",
        "Attendance":56
    },
    {
        "Name":"Student_3",
        "Attendance":70
    },
    {
        "Name":"Student_4",
        "Attendance":58
    },
    {
        "Name":"Student_5",
        "Attendance":88
    },
    {
        "Name":"Student_6",
        "Attendance":67
    },
    {
        "Name":"Student_7",
        "Attendance":53
    },
    {
        "Name":"Student_8",
        "Attendance":74
    },
    {
        "Name":"Student_9",
        "Attendance":63
    },
    {
        "Name":"Student_10",
        "Attendance":99
    },
    {
        "Name":"Student_11",
        "Attendance":58
    },
    {
        "Name":"Student_12",
        "Attendance":75
    },
    {
        "Name":"Student_13",
        "Attendance":51
    },
    {
        "Name":"Student_14",
        "Attendance":69
    },
    {
        "Name":"Student_15",
        "Attendance":77
    },
    {
        "Name":"Student_16",
        "Attendance":96
    },
    {
        "Name":"Student_17",
        "Attendance":56
    },
    {
        "Name":"Student_18",
        "Attendance":93
    },
    {
        "Name":"Student_19",
        "Attendance":57
    },
    {
        "Name":"Student_20",
        "Attendance":96
    },
    {
        "Name":"Student_21",
        "Attendance":84
    },
    {
        "Name":"Student_22",
        "Attendance":63
    },
    {
        "Name":"Student_23",
        "Attendance":66
    },
    {
        "Name":"Student_24",
        "Attendance":85
    },
    {
        "Name":"Student_25",
        "Attendance":99
    },
    {
        "Name":"Student_26",
        "Attendance":89
    },
    {
        "Name":"Student_27",
        "Attendance":53
    },
    {
        "Name":"Student_28",
        "Attendance":51
    },
    {
        "Name":"Student_29",
        "Attendance":55
    },
    {
        "Name":"Student_30",
        "Attendance":91
    },
    {
        "Name":"Student_31",
        "Attendance":53
    },
    {
        "Name":"Student_32",
        "Attendance":78
    },
    {
        "Name":"Student_33",
        "Attendance":67
    },
    {
        "Name":"Student_34",
        "Attendance":75
    },
    {
        "Name":"Student_35",
        "Attendance":93
    },
    {
        "Name":"Student_36",
        "Attendance":83
    },
    {
        "Name":"Student_37",
        "Attendance":59
    },
    {
        "Name":"Student_38",
        "Attendance":85
    },
    {
        "Name":"Student_39",
        "Attendance":63
    },
    {
        "Name":"Student_40",
        "Attendance":80
    },
    {
        "Name":"Student_41",
        "Attendance":97
    },
    {
        "Name":"Student_42",
        "Attendance":64
    },
    {
        "Name":"Student_43",
        "Attendance":57
    },
    {
        "Name":"Student_44",
        "Attendance":63
    },
    {
        "Name":"Student_45",
        "Attendance":72
    },
    {
        "Name":"Student_46",
        "Attendance":89
    },
    {
        "Name":"Student_47",
        "Attendance":70
    },
    {
        "Name":"Student_48",
        "Attendance":65
    },
    {
        "Name":"Student_49",
        "Attendance":94
    },
    {
        "Name":"Student_50",
        "Attendance":67
    }
]