Year,Province,Population,Literacy Rate (%),Region
2021,Punjab,121.54,66.6,East
2021,Sindh,51.81,62.1,South
2021,Khyber Pakhtunkhwa,35.47,55.4,West
2021,Balochistan,13.48,54.8,West
2021,Islamabad Capital Territory,2.20,85.3,North
2021,Gilgit-Baltistan,1.90,74.3,North
2021,Azad Jammu and Kashmir,4.28,77.3,North
2022,Punjab,124.58,66.9,East
2022,Sindh,53.14,62.4,South
2022,Khyber Pakhtunkhwa,37.23,55.7,West
2022,Balochistan,13.91,55.1,West
2022,Islamabad Capital Territory,2.26,85.6,North
2022,Gilgit-Baltistan,1.95,74.6,North
2022,Azad Jammu and Kashmir,4.39,77.6,North
2023,Punjab,127.69,67.2,East
2023,Sindh,55.69,62.7,South
2023,Khyber Pakhtunkhwa,40.85,56.0,West
2023,Balochistan,14.89,55.4,West
2023,Islamabad Capital Territory,2.36,85.9,North
2023,Gilgit-Baltistan,2.00,74.9,North
2023,Azad Jammu and Kashmir,4.50,77.9,North
2024,Punjab,130.88,67.5,East
2024,Sindh,57.12,NaN,South
2024,Khyber Pakhtunkhwa,42.88,56.3,West
2024,Balochistan,15.37,55.7,West
2024,Islamabad Capital Territory,2.42,86.2,North
2024,Khyber Pakhtunkhwa,NaN,75.2,North
2024,Azad Jammu and Kashmir,4.61,78.2,North