CustomerID,Age,AnnualIncome,SpendingScore,City,VisitFrequency,OnlinePurchaseRatio,EducationLevel,FamilySize 
1,22,35000,40,CityA,12,0.3,2,4
2,25,42000,48,CityB,18,0.4,3,3
3,31,58000,65,CityC,10,0.6,4,5
4,45,86000,72,CityA,15,0.7,3,4
5,52,120000,38,CityD,7,0.2,5,2
6,29,62000,50,CityC,14,0.5,3,6
7,34,75000,77,CityB,20,0.8,4,4
8,40,91000,80,CityE,9,0.6,5,3
9,23,30000,22,CityD,11,0.4,2,5
10,38,72000,55,CityA,19,0.7,4,7
11,22,35000,40,CityA,12,0.3,2,4
12,25,42000,48,CityB,18,0.4,3,3
13,31,58000,65,CityC,10,0.6,4,5
14,45,86000,72,CityA,15,0.7,3,4
15,52,120000,38,CityD,7,0.2,5,2
16,29,62000,50,CityC,14,0.5,3,6
17,34,75000,77,CityB,20,0.8,4,4
18,40,91000,80,CityE,9,0.6,5,3
19,23,30000,22,CityD,11,0.4,2,5
20,38,72000,55,CityA,19,0.7,4,7
21,22,35000,40,CityA,12,0.3,2,4
22,25,42000,48,CityB,18,0.4,3,3
23,31,58000,65,CityC,10,0.6,4,5
24,45,86000,72,CityA,15,0.7,3,4
25,52,120000,38,CityD,7,0.2,5,2
26,29,62000,50,CityC,14,0.5,3,6
27,34,75000,77,CityB,20,0.8,4,4
28,40,91000,80,CityE,9,0.6,5,3
29,23,30000,22,CityD,11,0.4,2,5
30,38,72000,55,CityA,19,0.7,4,7
31,22,35000,40,CityA,12,0.3,2,4
32,25,42000,48,CityB,18,0.4,3,3
33,31,58000,65,CityC,10,0.6,4,5
34,45,86000,72,CityA,15,0.7,3,4
35,52,120000,38,CityD,7,0.2,5,2
36,29,62000,50,CityC,14,0.5,3,6
37,34,75000,77,CityB,20,0.8,4,4
38,40,91000,80,CityE,9,0.6,5,3
39,23,30000,22,CityD,11,0.4,2,5
40,38,72000,55,CityA,19,0.7,4,7
41,22,35000,40,CityA,12,0.3,2,4
42,25,42000,48,CityB,18,0.4,3,3
43,31,58000,65,CityC,10,0.6,4,5
44,45,86000,72,CityA,15,0.7,3,4
45,52,120000,38,CityD,7,0.2,5,2
46,29,62000,50,CityC,14,0.5,3,6
47,34,75000,77,CityB,20,0.8,4,4
48,40,91000,80,CityE,9,0.6,5,3
49,23,30000,22,CityD,11,0.4,2,5
50,38,72000,55,CityA,19,0.7,4,7
51,22,35000,40,CityA,12,0.3,2,4
52,25,42000,48,CityB,18,0.4,3,3
53,31,58000,65,CityC,10,0.6,4,5
54,45,86000,72,CityA,15,0.7,3,4
55,52,120000,38,CityD,7,0.2,5,2
56,29,62000,50,CityC,14,0.5,3,6
57,34,75000,77,CityB,20,0.8,4,4
58,40,91000,80,CityE,9,0.6,5,3
59,23,30000,22,CityD,11,0.4,2,5
60,38,72000,55,CityA,19,0.7,4,7
61,22,35000,40,CityA,12,0.3,2,4
62,25,42000,48,CityB,18,0.4,3,3
63,31,58000,65,CityC,10,0.6,4,5
64,45,86000,72,CityA,15,0.7,3,4
65,52,120000,38,CityD,7,0.2,5,2
66,29,62000,50,CityC,14,0.5,3,6
67,34,75000,77,CityB,20,0.8,4,4
68,40,91000,80,CityE,9,0.6,5,3
69,23,30000,22,CityD,11,0.4,2,5
70,38,72000,55,CityA,19,0.7,4,7
71,22,35000,40,CityA,12,0.3,2,4
72,25,42000,48,CityB,18,0.4,3,3
73,31,58000,65,CityC,10,0.6,4,5
74,45,86000,72,CityA,15,0.7,3,4
75,52,120000,38,CityD,7,0.2,5,2
76,29,62000,50,CityC,14,0.5,3,6
77,34,75000,77,CityB,20,0.8,4,4
78,40,91000,80,CityE,9,0.6,5,3
79,23,30000,22,CityD,11,0.4,2,5
80,38,72000,55,CityA,19,0.7,4,7
81,22,35000,40,CityA,12,0.3,2,4
82,25,42000,48,CityB,18,0.4,3,3
83,31,58000,65,CityC,10,0.6,4,5
84,45,86000,72,CityA,15,0.7,3,4
85,52,120000,38,CityD,7,0.2,5,2
86,29,62000,50,CityC,14,0.5,3,6
87,34,75000,77,CityB,20,0.8,4,4
88,40,91000,80,CityE,9,0.6,5,3
89,23,30000,22,CityD,11,0.4,2,5
90,38,72000,55,CityA,19,0.7,4,7
91,22,35000,40,CityA,12,0.3,2,4
92,25,42000,48,CityB,18,0.4,3,3
93,31,58000,65,CityC,10,0.6,4,5
94,45,86000,72,CityA,15,0.7,3,4
95,52,120000,38,CityD,7,0.2,5,2
96,29,62000,50,CityC,14,0.5,3,6
97,34,75000,77,CityB,20,0.8,4,4
98,40,91000,80,CityE,9,0.6,5,3
99,23,30000,22,CityD,11,0.4,2,5
100,38,72000,55,CityA,19,0.7,4,7
101,22,35000,40,CityA,12,0.3,2,4
102,25,42000,48,CityB,18,0.4,3,3
103,31,58000,65,CityC,10,0.6,4,5
104,45,86000,72,CityA,15,0.7,3,4
105,52,120000,38,CityD,7,0.2,5,2
106,29,62000,50,CityC,14,0.5,3,6
107,34,75000,77,CityB,20,0.8,4,4
108,40,91000,80,CityE,9,0.6,5,3
109,23,30000,22,CityD,11,0.4,2,5
110,38,72000,55,CityA,19,0.7,4,7
111,22,35000,40,CityA,12,0.3,2,4
112,25,42000,48,CityB,18,0.4,3,3
113,31,58000,65,CityC,10,0.6,4,5
114,45,86000,72,CityA,15,0.7,3,4
115,52,120000,38,CityD,7,0.2,5,2
116,29,62000,50,CityC,14,0.5,3,6
117,34,75000,77,CityB,20,0.8,4,4
118,40,91000,80,CityE,9,0.6,5,3
119,23,30000,22,CityD,11,0.4,2,5
120,38,72000,55,CityA,19,0.7,4,7
121,22,35000,40,CityA,12,0.3,2,4
122,25,42000,48,CityB,18,0.4,3,3
123,31,58000,65,CityC,10,0.6,4,5
124,45,86000,72,CityA,15,0.7,3,4
125,52,120000,38,CityD,7,0.2,5,2
126,29,62000,50,CityC,14,0.5,3,6
127,34,75000,77,CityB,20,0.8,4,4
128,40,91000,80,CityE,9,0.6,5,3
129,23,30000,22,CityD,11,0.4,2,5
130,38,72000,55,CityA,19,0.7,4,7
131,22,35000,40,CityA,12,0.3,2,4
132,25,42000,48,CityB,18,0.4,3,3
133,31,58000,65,CityC,10,0.6,4,5
134,45,86000,72,CityA,15,0.7,3,4
135,52,120000,38,CityD,7,0.2,5,2
136,29,62000,50,CityC,14,0.5,3,6
137,34,75000,77,CityB,20,0.8,4,4
138,40,91000,80,CityE,9,0.6,5,3
139,23,30000,22,CityD,11,0.4,2,5
140,38,72000,55,CityA,19,0.7,4,7
141,22,35000,40,CityA,12,0.3,2,4
142,25,42000,48,CityB,18,0.4,3,3
143,31,58000,65,CityC,10,0.6,4,5
144,45,86000,72,CityA,15,0.7,3,4
145,52,120000,38,CityD,7,0.2,5,2
146,29,62000,50,CityC,14,0.5,3,6
147,34,75000,77,CityB,20,0.8,4,4
148,40,91000,80,CityE,9,0.6,5,3
149,23,30000,22,CityD,11,0.4,2,5
150,38,72000,55,CityA,19,0.7,4,7
151,22,35000,40,CityA,12,0.3,2,4
152,25,42000,48,CityB,18,0.4,3,3
153,31,58000,65,CityC,10,0.6,4,5
154,45,86000,72,CityA,15,0.7,3,4
155,52,120000,38,CityD,7,0.2,5,2
156,29,62000,50,CityC,14,0.5,3,6
157,34,75000,77,CityB,20,0.8,4,4
158,40,91000,80,CityE,9,0.6,5,3
159,23,30000,22,CityD,11,0.4,2,5
160,38,72000,55,CityA,19,0.7,4,7
161,22,35000,40,CityA,12,0.3,2,4
162,25,42000,48,CityB,18,0.4,3,3
163,31,58000,65,CityC,10,0.6,4,5
164,45,86000,72,CityA,15,0.7,3,4
165,52,120000,38,CityD,7,0.2,5,2
166,29,62000,50,CityC,14,0.5,3,6
167,34,75000,77,CityB,20,0.8,4,4
168,40,91000,80,CityE,9,0.6,5,3
169,23,30000,22,CityD,11,0.4,2,5
170,38,72000,55,CityA,19,0.7,4,7
171,22,35000,40,CityA,12,0.3,2,4
172,25,42000,48,CityB,18,0.4,3,3
173,31,58000,65,CityC,10,0.6,4,5
174,45,86000,72,CityA,15,0.7,3,4
175,52,120000,38,CityD,7,0.2,5,2
176,29,62000,50,CityC,14,0.5,3,6
177,34,75000,77,CityB,20,0.8,4,4
178,40,91000,80,CityE,9,0.6,5,3
179,23,30000,22,CityD,11,0.4,2,5
180,38,72000,55,CityA,19,0.7,4,7
181,22,35000,40,CityA,12,0.3,2,4
182,25,42000,48,CityB,18,0.4,3,3
183,31,58000,65,CityC,10,0.6,4,5
184,45,86000,72,CityA,15,0.7,3,4
185,52,120000,38,CityD,7,0.2,5,2
186,29,62000,50,CityC,14,0.5,3,6
187,34,75000,77,CityB,20,0.8,4,4
188,40,91000,80,CityE,9,0.6,5,3
189,23,30000,22,CityD,11,0.4,2,5
190,38,72000,55,CityA,19,0.7,4,7
191,22,35000,40,CityA,12,0.3,2,4
192,25,42000,48,CityB,18,0.4,3,3
193,31,58000,65,CityC,10,0.6,4,5
194,45,86000,72,CityA,15,0.7,3,4
195,52,120000,38,CityD,7,0.2,5,2
196,29,62000,50,CityC,14,0.5,3,6
197,34,75000,77,CityB,20,0.8,4,4
198,40,91000,80,CityE,9,0.6,5,3
199,23,30000,22,CityD,11,0.4,2,5
200,38,72000,55,CityA,19,0.7,4,7
201,22,35000,40,CityA,12,0.3,2,4
202,25,42000,48,CityB,18,0.4,3,3
203,31,58000,65,CityC,10,0.6,4,5
204,45,86000,72,CityA,15,0.7,3,4
205,52,120000,38,CityD,7,0.2,5,2
206,29,62000,50,CityC,14,0.5,3,6
207,34,75000,77,CityB,20,0.8,4,4
208,40,91000,80,CityE,9,0.6,5,3
209,23,30000,22,CityD,11,0.4,2,5
210,38,72000,55,CityA,19,0.7,4,7
211,22,35000,40,CityA,12,0.3,2,4
212,25,42000,48,CityB,18,0.4,3,3
213,31,58000,65,CityC,10,0.6,4,5
214,45,86000,72,CityA,15,0.7,3,4
215,52,120000,38,CityD,7,0.2,5,2
216,29,62000,50,CityC,14,0.5,3,6
217,34,75000,77,CityB,20,0.8,4,4
218,40,91000,80,CityE,9,0.6,5,3
219,23,30000,22,CityD,11,0.4,2,5
220,38,72000,55,CityA,19,0.7,4,7
221,22,35000,40,CityA,12,0.3,2,4
222,25,42000,48,CityB,18,0.4,3,3
223,31,58000,65,CityC,10,0.6,4,5
224,45,86000,72,CityA,15,0.7,3,4
225,52,120000,38,CityD,7,0.2,5,2
226,29,62000,50,CityC,14,0.5,3,6
227,34,75000,77,CityB,20,0.8,4,4
228,40,91000,80,CityE,9,0.6,5,3
229,23,30000,22,CityD,11,0.4,2,5
230,38,72000,55,CityA,19,0.7,4,7
231,22,35000,40,CityA,12,0.3,2,4
232,25,42000,48,CityB,18,0.4,3,3
233,31,58000,65,CityC,10,0.6,4,5
234,45,86000,72,CityA,15,0.7,3,4
235,52,120000,38,CityD,7,0.2,5,2
236,29,62000,50,CityC,14,0.5,3,6
237,34,75000,77,CityB,20,0.8,4,4
238,40,91000,80,CityE,9,0.6,5,3
239,23,30000,22,CityD,11,0.4,2,5
240,38,72000,55,CityA,19,0.7,4,7
241,22,35000,40,CityA,12,0.3,2,4
242,25,42000,48,CityB,18,0.4,3,3
243,31,58000,65,CityC,10,0.6,4,5
244,45,86000,72,CityA,15,0.7,3,4
245,52,120000,38,CityD,7,0.2,5,2
246,29,62000,50,CityC,14,0.5,3,6
247,34,75000,77,CityB,20,0.8,4,4
248,40,91000,80,CityE,9,0.6,5,3
249,23,30000,22,CityD,11,0.4,2,5
250,38,72000,55,CityA,19,0.7,4,7
251,22,35000,40,CityA,12,0.3,2,4
252,25,42000,48,CityB,18,0.4,3,3
253,31,58000,65,CityC,10,0.6,4,5
254,45,86000,72,CityA,15,0.7,3,4
255,52,120000,38,CityD,7,0.2,5,2
256,29,62000,50,CityC,14,0.5,3,6
257,34,75000,77,CityB,20,0.8,4,4
258,40,91000,80,CityE,9,0.6,5,3
259,23,30000,22,CityD,11,0.4,2,5
260,38,72000,55,CityA,19,0.7,4,7
261,22,35000,40,CityA,12,0.3,2,4
262,25,42000,48,CityB,18,0.4,3,3
263,31,58000,65,CityC,10,0.6,4,5
264,45,86000,72,CityA,15,0.7,3,4
265,52,120000,38,CityD,7,0.2,5,2
266,29,62000,50,CityC,14,0.5,3,6
267,34,75000,77,CityB,20,0.8,4,4
268,40,91000,80,CityE,9,0.6,5,3
269,23,30000,22,CityD,11,0.4,2,5
270,38,72000,55,CityA,19,0.7,4,7
271,22,35000,40,CityA,12,0.3,2,4
272,25,42000,48,CityB,18,0.4,3,3
273,31,58000,65,CityC,10,0.6,4,5
274,45,86000,72,CityA,15,0.7,3,4
275,52,120000,38,CityD,7,0.2,5,2
276,29,62000,50,CityC,14,0.5,3,6
277,34,75000,77,CityB,20,0.8,4,4
278,40,91000,80,CityE,9,0.6,5,3
279,23,30000,22,CityD,11,0.4,2,5
280,38,72000,55,CityA,19,0.7,4,7
281,22,35000,40,CityA,12,0.3,2,4
282,25,42000,48,CityB,18,0.4,3,3
283,31,58000,65,CityC,10,0.6,4,5
284,45,86000,72,CityA,15,0.7,3,4
285,52,120000,38,CityD,7,0.2,5,2
286,29,62000,50,CityC,14,0.5,3,6
287,34,75000,77,CityB,20,0.8,4,4
288,40,91000,80,CityE,9,0.6,5,3
289,23,30000,22,CityD,11,0.4,2,5
290,38,72000,55,CityA,19,0.7,4,7
291,22,35000,40,CityA,12,0.3,2,4
292,25,42000,48,CityB,18,0.4,3,3
293,31,58000,65,CityC,10,0.6,4,5
294,45,86000,72,CityA,15,0.7,3,4
295,52,120000,38,CityD,7,0.2,5,2
296,29,62000,50,CityC,14,0.5,3,6
297,34,75000,77,CityB,20,0.8,4,4
298,40,91000,80,CityE,9,0.6,5,3
299,23,30000,22,CityD,11,0.4,2,5
300,38,72000,55,CityA,19,0.7,4,7
301,22,35000,40,CityA,12,0.3,2,4
302,25,42000,48,CityB,18,0.4,3,3
303,31,58000,65,CityC,10,0.6,4,5
304,45,86000,72,CityA,15,0.7,3,4
305,52,120000,38,CityD,7,0.2,5,2
306,29,62000,50,CityC,14,0.5,3,6
307,34,75000,77,CityB,20,0.8,4,4
308,40,91000,80,CityE,9,0.6,5,3
309,23,30000,22,CityD,11,0.4,2,5
310,38,72000,55,CityA,19,0.7,4,7
311,22,35000,40,CityA,12,0.3,2,4
312,25,42000,48,CityB,18,0.4,3,3
313,31,58000,65,CityC,10,0.6,4,5
314,45,86000,72,CityA,15,0.7,3,4
315,52,120000,38,CityD,7,0.2,5,2
316,29,62000,50,CityC,14,0.5,3,6
317,34,75000,77,CityB,20,0.8,4,4
318,40,91000,80,CityE,9,0.6,5,3
319,23,30000,22,CityD,11,0.4,2,5
320,38,72000,55,CityA,19,0.7,4,7
321,22,35000,40,CityA,12,0.3,2,4
322,25,42000,48,CityB,18,0.4,3,3
323,31,58000,65,CityC,10,0.6,4,5
324,45,86000,72,CityA,15,0.7,3,4
325,52,120000,38,CityD,7,0.2,5,2
326,29,62000,50,CityC,14,0.5,3,6
327,34,75000,77,CityB,20,0.8,4,4
328,40,91000,80,CityE,9,0.6,5,3
329,23,30000,22,CityD,11,0.4,2,5
330,38,72000,55,CityA,19,0.7,4,7
331,22,35000,40,CityA,12,0.3,2,4
332,25,42000,48,CityB,18,0.4,3,3
333,31,58000,65,CityC,10,0.6,4,5
334,45,86000,72,CityA,15,0.7,3,4
335,52,120000,38,CityD,7,0.2,5,2
336,29,62000,50,CityC,14,0.5,3,6
337,34,75000,77,CityB,20,0.8,4,4
338,40,91000,80,CityE,9,0.6,5,3
339,23,30000,22,CityD,11,0.4,2,5
340,38,72000,55,CityA,19,0.7,4,7
341,22,35000,40,CityA,12,0.3,2,4
342,25,42000,48,CityB,18,0.4,3,3
343,31,58000,65,CityC,10,0.6,4,5
344,45,86000,72,CityA,15,0.7,3,4
345,52,120000,38,CityD,7,0.2,5,2
346,29,62000,50,CityC,14,0.5,3,6
347,34,75000,77,CityB,20,0.8,4,4
348,40,91000,80,CityE,9,0.6,5,3
349,23,30000,22,CityD,11,0.4,2,5
350,38,72000,55,CityA,19,0.7,4,7
351,22,35000,40,CityA,12,0.3,2,4
352,25,42000,48,CityB,18,0.4,3,3
353,31,58000,65,CityC,10,0.6,4,5
354,45,86000,72,CityA,15,0.7,3,4
355,52,120000,38,CityD,7,0.2,5,2
356,29,62000,50,CityC,14,0.5,3,6
357,34,75000,77,CityB,20,0.8,4,4
358,40,91000,80,CityE,9,0.6,5,3
359,23,30000,22,CityD,11,0.4,2,5
360,38,72000,55,CityA,19,0.7,4,7
361,22,35000,40,CityA,12,0.3,2,4
362,25,42000,48,CityB,18,0.4,3,3
363,31,58000,65,CityC,10,0.6,4,5
364,45,86000,72,CityA,15,0.7,3,4
365,52,120000,38,CityD,7,0.2,5,2
366,29,62000,50,CityC,14,0.5,3,6
367,34,75000,77,CityB,20,0.8,4,4
368,40,91000,80,CityE,9,0.6,5,3
369,23,30000,22,CityD,11,0.4,2,5
370,38,72000,55,CityA,19,0.7,4,7
371,22,35000,40,CityA,12,0.3,2,4
372,25,42000,48,CityB,18,0.4,3,3
373,31,58000,65,CityC,10,0.6,4,5
374,45,86000,72,CityA,15,0.7,3,4
375,52,120000,38,CityD,7,0.2,5,2
376,29,62000,50,CityC,14,0.5,3,6
377,34,75000,77,CityB,20,0.8,4,4
378,40,91000,80,CityE,9,0.6,5,3
379,23,30000,22,CityD,11,0.4,2,5
380,38,72000,55,CityA,19,0.7,4,7
381,22,35000,40,CityA,12,0.3,2,4
382,25,42000,48,CityB,18,0.4,3,3
383,31,58000,65,CityC,10,0.6,4,5
384,45,86000,72,CityA,15,0.7,3,4
385,52,120000,38,CityD,7,0.2,5,2
386,29,62000,50,CityC,14,0.5,3,6
387,34,75000,77,CityB,20,0.8,4,4
388,40,91000,80,CityE,9,0.6,5,3
389,23,30000,22,CityD,11,0.4,2,5
390,38,72000,55,CityA,19,0.7,4,7
391,22,35000,40,CityA,12,0.3,2,4
392,25,42000,48,CityB,18,0.4,3,3
393,31,58000,65,CityC,10,0.6,4,5
394,45,86000,72,CityA,15,0.7,3,4
395,52,120000,38,CityD,7,0.2,5,2
396,29,62000,50,CityC,14,0.5,3,6
397,34,75000,77,CityB,20,0.8,4,4
398,40,91000,80,CityE,9,0.6,5,3
399,23,30000,22,CityD,11,0.4,2,5
400,38,72000,55,CityA,19,0.7,4,7
401,22,35000,40,CityA,12,0.3,2,4
402,25,42000,48,CityB,18,0.4,3,3
403,31,58000,65,CityC,10,0.6,4,5
404,45,86000,72,CityA,15,0.7,3,4
405,52,120000,38,CityD,7,0.2,5,2
406,29,62000,50,CityC,14,0.5,3,6
407,34,75000,77,CityB,20,0.8,4,4
408,40,91000,80,CityE,9,0.6,5,3
409,23,30000,22,CityD,11,0.4,2,5
410,38,72000,55,CityA,19,0.7,4,7
411,22,35000,40,CityA,12,0.3,2,4
412,25,42000,48,CityB,18,0.4,3,3
413,31,58000,65,CityC,10,0.6,4,5
414,45,86000,72,CityA,15,0.7,3,4
415,52,120000,38,CityD,7,0.2,5,2
416,29,62000,50,CityC,14,0.5,3,6
417,34,75000,77,CityB,20,0.8,4,4
418,40,91000,80,CityE,9,0.6,5,3
419,23,30000,22,CityD,11,0.4,2,5
420,38,72000,55,CityA,19,0.7,4,7
421,22,35000,40,CityA,12,0.3,2,4
422,25,42000,48,CityB,18,0.4,3,3
423,31,58000,65,CityC,10,0.6,4,5
424,45,86000,72,CityA,15,0.7,3,4
425,52,120000,38,CityD,7,0.2,5,2
426,29,62000,50,CityC,14,0.5,3,6
427,34,75000,77,CityB,20,0.8,4,4
428,40,91000,80,CityE,9,0.6,5,3
429,23,30000,22,CityD,11,0.4,2,5
430,38,72000,55,CityA,19,0.7,4,7
431,22,35000,40,CityA,12,0.3,2,4
432,25,42000,48,CityB,18,0.4,3,3
433,31,58000,65,CityC,10,0.6,4,5
434,45,86000,72,CityA,15,0.7,3,4
435,52,120000,38,CityD,7,0.2,5,2
436,29,62000,50,CityC,14,0.5,3,6
437,34,75000,77,CityB,20,0.8,4,4
438,40,91000,80,CityE,9,0.6,5,3
439,23,30000,22,CityD,11,0.4,2,5
440,38,72000,55,CityA,19,0.7,4,7
441,22,35000,40,CityA,12,0.3,2,4
442,25,42000,48,CityB,18,0.4,3,3
443,31,58000,65,CityC,10,0.6,4,5
444,45,86000,72,CityA,15,0.7,3,4
445,52,120000,38,CityD,7,0.2,5,2
446,29,62000,50,CityC,14,0.5,3,6
447,34,75000,77,CityB,20,0.8,4,4
448,40,91000,80,CityE,9,0.6,5,3
449,23,30000,22,CityD,11,0.4,2,5
450,38,72000,55,CityA,19,0.7,4,7
451,22,35000,40,CityA,12,0.3,2,4
452,25,42000,48,CityB,18,0.4,3,3
453,31,58000,65,CityC,10,0.6,4,5
454,45,86000,72,CityA,15,0.7,3,4
455,52,120000,38,CityD,7,0.2,5,2
456,29,62000,50,CityC,14,0.5,3,6
457,34,75000,77,CityB,20,0.8,4,4
458,40,91000,80,CityE,9,0.6,5,3
459,23,30000,22,CityD,11,0.4,2,5
460,38,72000,55,CityA,19,0.7,4,7
461,22,35000,40,CityA,12,0.3,2,4
462,25,42000,48,CityB,18,0.4,3,3
463,31,58000,65,CityC,10,0.6,4,5
464,45,86000,72,CityA,15,0.7,3,4
465,52,120000,38,CityD,7,0.2,5,2
466,29,62000,50,CityC,14,0.5,3,6
467,34,75000,77,CityB,20,0.8,4,4
468,40,91000,80,CityE,9,0.6,5,3
469,23,30000,22,CityD,11,0.4,2,5
470,38,72000,55,CityA,19,0.7,4,7
471,22,35000,40,CityA,12,0.3,2,4
472,25,42000,48,CityB,18,0.4,3,3
473,31,58000,65,CityC,10,0.6,4,5
474,45,86000,72,CityA,15,0.7,3,4
475,52,120000,38,CityD,7,0.2,5,2
476,29,62000,50,CityC,14,0.5,3,6
477,34,75000,77,CityB,20,0.8,4,4
478,40,91000,80,CityE,9,0.6,5,3
479,23,30000,22,CityD,11,0.4,2,5
480,38,72000,55,CityA,19,0.7,4,7
481,22,35000,40,CityA,12,0.3,2,4
482,25,42000,48,CityB,18,0.4,3,3
483,31,58000,65,CityC,10,0.6,4,5
484,45,86000,72,CityA,15,0.7,3,4
485,52,120000,38,CityD,7,0.2,5,2
486,29,62000,50,CityC,14,0.5,3,6
487,34,75000,77,CityB,20,0.8,4,4
488,40,91000,80,CityE,9,0.6,5,3
489,23,30000,22,CityD,11,0.4,2,5
490,38,72000,55,CityA,19,0.7,4,7
491,22,35000,40,CityA,12,0.3,2,4
492,25,42000,48,CityB,18,0.4,3,3
493,31,58000,65,CityC,10,0.6,4,5
494,45,86000,72,CityA,15,0.7,3,4
495,52,120000,38,CityD,7,0.2,5,2
496,29,62000,50,CityC,14,0.5,3,6
497,34,75000,77,CityB,20,0.8,4,4
498,40,91000,80,CityE,9,0.6,5,3
499,23,30000,22,CityD,11,0.4,2,5
500,38,72000,55,CityA,19,0.7,4,7
501,22,35000,40,CityA,12,0.3,2,4
502,25,42000,48,CityB,18,0.4,3,3
503,31,58000,65,CityC,10,0.6,4,5
504,45,86000,72,CityA,15,0.7,3,4
505,52,120000,38,CityD,7,0.2,5,2
506,29,62000,50,CityC,14,0.5,3,6
507,34,75000,77,CityB,20,0.8,4,4
508,40,91000,80,CityE,9,0.6,5,3
509,23,30000,22,CityD,11,0.4,2,5
510,38,72000,55,CityA,19,0.7,4,7
511,22,35000,40,CityA,12,0.3,2,4
512,25,42000,48,CityB,18,0.4,3,3
513,31,58000,65,CityC,10,0.6,4,5
514,45,86000,72,CityA,15,0.7,3,4
515,52,120000,38,CityD,7,0.2,5,2
516,29,62000,50,CityC,14,0.5,3,6
517,34,75000,77,CityB,20,0.8,4,4
518,40,91000,80,CityE,9,0.6,5,3
519,23,30000,22,CityD,11,0.4,2,5
520,38,72000,55,CityA,19,0.7,4,7
521,22,35000,40,CityA,12,0.3,2,4
522,25,42000,48,CityB,18,0.4,3,3
523,31,58000,65,CityC,10,0.6,4,5
524,45,86000,72,CityA,15,0.7,3,4
525,52,120000,38,CityD,7,0.2,5,2
526,29,62000,50,CityC,14,0.5,3,6
527,34,75000,77,CityB,20,0.8,4,4
528,40,91000,80,CityE,9,0.6,5,3
529,23,30000,22,CityD,11,0.4,2,5
530,38,72000,55,CityA,19,0.7,4,7
531,22,35000,40,CityA,12,0.3,2,4
532,25,42000,48,CityB,18,0.4,3,3
533,31,58000,65,CityC,10,0.6,4,5
534,45,86000,72,CityA,15,0.7,3,4
535,52,120000,38,CityD,7,0.2,5,2
536,29,62000,50,CityC,14,0.5,3,6
537,34,75000,77,CityB,20,0.8,4,4
538,40,91000,80,CityE,9,0.6,5,3
539,23,30000,22,CityD,11,0.4,2,5
540,38,72000,55,CityA,19,0.7,4,7
541,22,35000,40,CityA,12,0.3,2,4
542,25,42000,48,CityB,18,0.4,3,3
543,31,58000,65,CityC,10,0.6,4,5
544,45,86000,72,CityA,15,0.7,3,4
545,52,120000,38,CityD,7,0.2,5,2
546,29,62000,50,CityC,14,0.5,3,6
547,34,75000,77,CityB,20,0.8,4,4
548,40,91000,80,CityE,9,0.6,5,3
549,23,30000,22,CityD,11,0.4,2,5
550,38,72000,55,CityA,19,0.7,4,7
551,22,35000,40,CityA,12,0.3,2,4
552,25,42000,48,CityB,18,0.4,3,3
553,31,58000,65,CityC,10,0.6,4,5
554,45,86000,72,CityA,15,0.7,3,4
555,52,120000,38,CityD,7,0.2,5,2
556,29,62000,50,CityC,14,0.5,3,6
557,34,75000,77,CityB,20,0.8,4,4
558,40,91000,80,CityE,9,0.6,5,3
559,23,30000,22,CityD,11,0.4,2,5
560,38,72000,55,CityA,19,0.7,4,7
561,22,35000,40,CityA,12,0.3,2,4
562,25,42000,48,CityB,18,0.4,3,3
563,31,58000,65,CityC,10,0.6,4,5
564,45,86000,72,CityA,15,0.7,3,4
565,52,120000,38,CityD,7,0.2,5,2
566,29,62000,50,CityC,14,0.5,3,6
567,34,75000,77,CityB,20,0.8,4,4
568,40,91000,80,CityE,9,0.6,5,3
569,23,30000,22,CityD,11,0.4,2,5
570,38,72000,55,CityA,19,0.7,4,7
571,22,35000,40,CityA,12,0.3,2,4
572,25,42000,48,CityB,18,0.4,3,3
573,31,58000,65,CityC,10,0.6,4,5
574,45,86000,72,CityA,15,0.7,3,4
575,52,120000,38,CityD,7,0.2,5,2
576,29,62000,50,CityC,14,0.5,3,6
577,34,75000,77,CityB,20,0.8,4,4
578,40,91000,80,CityE,9,0.6,5,3
579,23,30000,22,CityD,11,0.4,2,5
580,38,72000,55,CityA,19,0.7,4,7
581,22,35000,40,CityA,12,0.3,2,4
582,25,42000,48,CityB,18,0.4,3,3
583,31,58000,65,CityC,10,0.6,4,5
584,45,86000,72,CityA,15,0.7,3,4
585,52,120000,38,CityD,7,0.2,5,2
586,29,62000,50,CityC,14,0.5,3,6
587,34,75000,77,CityB,20,0.8,4,4
588,40,91000,80,CityE,9,0.6,5,3
589,23,30000,22,CityD,11,0.4,2,5
590,38,72000,55,CityA,19,0.7,4,7
591,22,35000,40,CityA,12,0.3,2,4
592,25,42000,48,CityB,18,0.4,3,3
593,31,58000,65,CityC,10,0.6,4,5
594,45,86000,72,CityA,15,0.7,3,4
595,52,120000,38,CityD,7,0.2,5,2
596,29,62000,50,CityC,14,0.5,3,6
597,34,75000,77,CityB,20,0.8,4,4
598,40,91000,80,CityE,9,0.6,5,3
599,23,30000,22,CityD,11,0.4,2,5
600,38,72000,55,CityA,19,0.7,4,7
601,22,35000,40,CityA,12,0.3,2,4
602,25,42000,48,CityB,18,0.4,3,3
603,31,58000,65,CityC,10,0.6,4,5
604,45,86000,72,CityA,15,0.7,3,4
605,52,120000,38,CityD,7,0.2,5,2
606,29,62000,50,CityC,14,0.5,3,6
607,34,75000,77,CityB,20,0.8,4,4
608,40,91000,80,CityE,9,0.6,5,3
609,23,30000,22,CityD,11,0.4,2,5
610,38,72000,55,CityA,19,0.7,4,7
611,22,35000,40,CityA,12,0.3,2,4
612,25,42000,48,CityB,18,0.4,3,3
613,31,58000,65,CityC,10,0.6,4,5
614,45,86000,72,CityA,15,0.7,3,4
615,52,120000,38,CityD,7,0.2,5,2
616,29,62000,50,CityC,14,0.5,3,6
617,34,75000,77,CityB,20,0.8,4,4
618,40,91000,80,CityE,9,0.6,5,3
619,23,30000,22,CityD,11,0.4,2,5
620,38,72000,55,CityA,19,0.7,4,7
621,22,35000,40,CityA,12,0.3,2,4
622,25,42000,48,CityB,18,0.4,3,3
623,31,58000,65,CityC,10,0.6,4,5
624,45,86000,72,CityA,15,0.7,3,4
625,52,120000,38,CityD,7,0.2,5,2
626,29,62000,50,CityC,14,0.5,3,6
627,34,75000,77,CityB,20,0.8,4,4
628,40,91000,80,CityE,9,0.6,5,3
629,23,30000,22,CityD,11,0.4,2,5
630,38,72000,55,CityA,19,0.7,4,7
631,22,35000,40,CityA,12,0.3,2,4
632,25,42000,48,CityB,18,0.4,3,3
633,31,58000,65,CityC,10,0.6,4,5
634,45,86000,72,CityA,15,0.7,3,4
635,52,120000,38,CityD,7,0.2,5,2
636,29,62000,50,CityC,14,0.5,3,6
637,34,75000,77,CityB,20,0.8,4,4
638,40,91000,80,CityE,9,0.6,5,3
639,23,30000,22,CityD,11,0.4,2,5
640,38,72000,55,CityA,19,0.7,4,7
641,22,35000,40,CityA,12,0.3,2,4
642,25,42000,48,CityB,18,0.4,3,3
643,31,58000,65,CityC,10,0.6,4,5
644,45,86000,72,CityA,15,0.7,3,4
645,52,120000,38,CityD,7,0.2,5,2
646,29,62000,50,CityC,14,0.5,3,6
647,34,75000,77,CityB,20,0.8,4,4
648,40,91000,80,CityE,9,0.6,5,3
649,23,30000,22,CityD,11,0.4,2,5
650,38,72000,55,CityA,19,0.7,4,7
651,22,35000,40,CityA,12,0.3,2,4
652,25,42000,48,CityB,18,0.4,3,3
653,31,58000,65,CityC,10,0.6,4,5
654,45,86000,72,CityA,15,0.7,3,4
655,52,120000,38,CityD,7,0.2,5,2
656,29,62000,50,CityC,14,0.5,3,6
657,34,75000,77,CityB,20,0.8,4,4
658,40,91000,80,CityE,9,0.6,5,3
659,23,30000,22,CityD,11,0.4,2,5
660,38,72000,55,CityA,19,0.7,4,7
661,22,35000,40,CityA,12,0.3,2,4
662,25,42000,48,CityB,18,0.4,3,3
663,31,58000,65,CityC,10,0.6,4,5
664,45,86000,72,CityA,15,0.7,3,4
665,52,120000,38,CityD,7,0.2,5,2
666,29,62000,50,CityC,14,0.5,3,6
667,34,75000,77,CityB,20,0.8,4,4
668,40,91000,80,CityE,9,0.6,5,3
669,23,30000,22,CityD,11,0.4,2,5
670,38,72000,55,CityA,19,0.7,4,7
671,22,35000,40,CityA,12,0.3,2,4
672,25,42000,48,CityB,18,0.4,3,3
673,31,58000,65,CityC,10,0.6,4,5
674,45,86000,72,CityA,15,0.7,3,4
675,52,120000,38,CityD,7,0.2,5,2
676,29,62000,50,CityC,14,0.5,3,6
677,34,75000,77,CityB,20,0.8,4,4
678,40,91000,80,CityE,9,0.6,5,3
679,23,30000,22,CityD,11,0.4,2,5
680,38,72000,55,CityA,19,0.7,4,7
681,22,35000,40,CityA,12,0.3,2,4
682,25,42000,48,CityB,18,0.4,3,3
683,31,58000,65,CityC,10,0.6,4,5
684,45,86000,72,CityA,15,0.7,3,4
685,52,120000,38,CityD,7,0.2,5,2
686,29,62000,50,CityC,14,0.5,3,6
687,34,75000,77,CityB,20,0.8,4,4
688,40,91000,80,CityE,9,0.6,5,3
689,23,30000,22,CityD,11,0.4,2,5
690,38,72000,55,CityA,19,0.7,4,7
691,22,35000,40,CityA,12,0.3,2,4
692,25,42000,48,CityB,18,0.4,3,3
693,31,58000,65,CityC,10,0.6,4,5
694,45,86000,72,CityA,15,0.7,3,4
695,52,120000,38,CityD,7,0.2,5,2
696,29,62000,50,CityC,14,0.5,3,6
697,34,75000,77,CityB,20,0.8,4,4
698,40,91000,80,CityE,9,0.6,5,3
699,23,30000,22,CityD,11,0.4,2,5
700,38,72000,55,CityA,19,0.7,4,7
701,22,35000,40,CityA,12,0.3,2,4
702,25,42000,48,CityB,18,0.4,3,3
703,31,58000,65,CityC,10,0.6,4,5
704,45,86000,72,CityA,15,0.7,3,4
705,52,120000,38,CityD,7,0.2,5,2
706,29,62000,50,CityC,14,0.5,3,6
707,34,75000,77,CityB,20,0.8,4,4
708,40,91000,80,CityE,9,0.6,5,3
709,23,30000,22,CityD,11,0.4,2,5
710,38,72000,55,CityA,19,0.7,4,7
711,22,35000,40,CityA,12,0.3,2,4
712,25,42000,48,CityB,18,0.4,3,3
713,31,58000,65,CityC,10,0.6,4,5
714,45,86000,72,CityA,15,0.7,3,4
715,52,120000,38,CityD,7,0.2,5,2
716,29,62000,50,CityC,14,0.5,3,6
717,34,75000,77,CityB,20,0.8,4,4
718,40,91000,80,CityE,9,0.6,5,3
719,23,30000,22,CityD,11,0.4,2,5
720,38,72000,55,CityA,19,0.7,4,7
721,22,35000,40,CityA,12,0.3,2,4
722,25,42000,48,CityB,18,0.4,3,3
723,31,58000,65,CityC,10,0.6,4,5
724,45,86000,72,CityA,15,0.7,3,4
725,52,120000,38,CityD,7,0.2,5,2
726,29,62000,50,CityC,14,0.5,3,6
727,34,75000,77,CityB,20,0.8,4,4
728,40,91000,80,CityE,9,0.6,5,3
729,23,30000,22,CityD,11,0.4,2,5
730,38,72000,55,CityA,19,0.7,4,7
731,22,35000,40,CityA,12,0.3,2,4
732,25,42000,48,CityB,18,0.4,3,3
733,31,58000,65,CityC,10,0.6,4,5
734,45,86000,72,CityA,15,0.7,3,4
735,52,120000,38,CityD,7,0.2,5,2
736,29,62000,50,CityC,14,0.5,3,6
737,34,75000,77,CityB,20,0.8,4,4
738,40,91000,80,CityE,9,0.6,5,3
739,23,30000,22,CityD,11,0.4,2,5
740,38,72000,55,CityA,19,0.7,4,7
741,22,35000,40,CityA,12,0.3,2,4
742,25,42000,48,CityB,18,0.4,3,3
743,31,58000,65,CityC,10,0.6,4,5
744,45,86000,72,CityA,15,0.7,3,4
745,52,120000,38,CityD,7,0.2,5,2
746,29,62000,50,CityC,14,0.5,3,6
747,34,75000,77,CityB,20,0.8,4,4
748,40,91000,80,CityE,9,0.6,5,3
749,23,30000,22,CityD,11,0.4,2,5
750,38,72000,55,CityA,19,0.7,4,7
751,22,35000,40,CityA,12,0.3,2,4
752,25,42000,48,CityB,18,0.4,3,3
753,31,58000,65,CityC,10,0.6,4,5
754,45,86000,72,CityA,15,0.7,3,4
755,52,120000,38,CityD,7,0.2,5,2
756,29,62000,50,CityC,14,0.5,3,6
757,34,75000,77,CityB,20,0.8,4,4
758,40,91000,80,CityE,9,0.6,5,3
759,23,30000,22,CityD,11,0.4,2,5
760,38,72000,55,CityA,19,0.7,4,7
761,22,35000,40,CityA,12,0.3,2,4
762,25,42000,48,CityB,18,0.4,3,3
763,31,58000,65,CityC,10,0.6,4,5
764,45,86000,72,CityA,15,0.7,3,4
765,52,120000,38,CityD,7,0.2,5,2
766,29,62000,50,CityC,14,0.5,3,6
767,34,75000,77,CityB,20,0.8,4,4
768,40,91000,80,CityE,9,0.6,5,3
769,23,30000,22,CityD,11,0.4,2,5
770,38,72000,55,CityA,19,0.7,4,7
771,22,35000,40,CityA,12,0.3,2,4
772,25,42000,48,CityB,18,0.4,3,3
773,31,58000,65,CityC,10,0.6,4,5
774,45,86000,72,CityA,15,0.7,3,4
775,52,120000,38,CityD,7,0.2,5,2
776,29,62000,50,CityC,14,0.5,3,6
777,34,75000,77,CityB,20,0.8,4,4
778,40,91000,80,CityE,9,0.6,5,3
779,23,30000,22,CityD,11,0.4,2,5
780,38,72000,55,CityA,19,0.7,4,7
781,22,35000,40,CityA,12,0.3,2,4
782,25,42000,48,CityB,18,0.4,3,3
783,31,58000,65,CityC,10,0.6,4,5
784,45,86000,72,CityA,15,0.7,3,4
785,52,120000,38,CityD,7,0.2,5,2
786,29,62000,50,CityC,14,0.5,3,6
787,34,75000,77,CityB,20,0.8,4,4
788,40,91000,80,CityE,9,0.6,5,3
789,23,30000,22,CityD,11,0.4,2,5
790,38,72000,55,CityA,19,0.7,4,7
791,22,35000,40,CityA,12,0.3,2,4
792,25,42000,48,CityB,18,0.4,3,3
793,31,58000,65,CityC,10,0.6,4,5
794,45,86000,72,CityA,15,0.7,3,4
795,52,120000,38,CityD,7,0.2,5,2
796,29,62000,50,CityC,14,0.5,3,6
797,34,75000,77,CityB,20,0.8,4,4
798,40,91000,80,CityE,9,0.6,5,3
799,23,30000,22,CityD,11,0.4,2,5
800,38,72000,55,CityA,19,0.7,4,7
801,22,35000,40,CityA,12,0.3,2,4
802,25,42000,48,CityB,18,0.4,3,3
803,31,58000,65,CityC,10,0.6,4,5
804,45,86000,72,CityA,15,0.7,3,4
805,52,120000,38,CityD,7,0.2,5,2
806,29,62000,50,CityC,14,0.5,3,6
807,34,75000,77,CityB,20,0.8,4,4
808,40,91000,80,CityE,9,0.6,5,3
809,23,30000,22,CityD,11,0.4,2,5
810,38,72000,55,CityA,19,0.7,4,7
811,22,35000,40,CityA,12,0.3,2,4
812,25,42000,48,CityB,18,0.4,3,3
813,31,58000,65,CityC,10,0.6,4,5
814,45,86000,72,CityA,15,0.7,3,4
815,52,120000,38,CityD,7,0.2,5,2
816,29,62000,50,CityC,14,0.5,3,6
817,34,75000,77,CityB,20,0.8,4,4
818,40,91000,80,CityE,9,0.6,5,3
819,23,30000,22,CityD,11,0.4,2,5
820,38,72000,55,CityA,19,0.7,4,7
821,22,35000,40,CityA,12,0.3,2,4
822,25,42000,48,CityB,18,0.4,3,3
823,31,58000,65,CityC,10,0.6,4,5
824,45,86000,72,CityA,15,0.7,3,4
825,52,120000,38,CityD,7,0.2,5,2
826,29,62000,50,CityC,14,0.5,3,6
827,34,75000,77,CityB,20,0.8,4,4
828,40,91000,80,CityE,9,0.6,5,3
829,23,30000,22,CityD,11,0.4,2,5
830,38,72000,55,CityA,19,0.7,4,7
831,22,35000,40,CityA,12,0.3,2,4
832,25,42000,48,CityB,18,0.4,3,3
833,31,58000,65,CityC,10,0.6,4,5
834,45,86000,72,CityA,15,0.7,3,4
835,52,120000,38,CityD,7,0.2,5,2
836,29,62000,50,CityC,14,0.5,3,6
837,34,75000,77,CityB,20,0.8,4,4
838,40,91000,80,CityE,9,0.6,5,3
839,23,30000,22,CityD,11,0.4,2,5
840,38,72000,55,CityA,19,0.7,4,7
841,22,35000,40,CityA,12,0.3,2,4
842,25,42000,48,CityB,18,0.4,3,3
843,31,58000,65,CityC,10,0.6,4,5
844,45,86000,72,CityA,15,0.7,3,4
845,52,120000,38,CityD,7,0.2,5,2
846,29,62000,50,CityC,14,0.5,3,6
847,34,75000,77,CityB,20,0.8,4,4
848,40,91000,80,CityE,9,0.6,5,3
849,23,30000,22,CityD,11,0.4,2,5
850,38,72000,55,CityA,19,0.7,4,7
851,22,35000,40,CityA,12,0.3,2,4
852,25,42000,48,CityB,18,0.4,3,3
853,31,58000,65,CityC,10,0.6,4,5
854,45,86000,72,CityA,15,0.7,3,4
855,52,120000,38,CityD,7,0.2,5,2
856,29,62000,50,CityC,14,0.5,3,6
857,34,75000,77,CityB,20,0.8,4,4
858,40,91000,80,CityE,9,0.6,5,3
859,23,30000,22,CityD,11,0.4,2,5
860,38,72000,55,CityA,19,0.7,4,7
861,22,35000,40,CityA,12,0.3,2,4
862,25,42000,48,CityB,18,0.4,3,3
863,31,58000,65,CityC,10,0.6,4,5
864,45,86000,72,CityA,15,0.7,3,4
865,52,120000,38,CityD,7,0.2,5,2
866,29,62000,50,CityC,14,0.5,3,6
867,34,75000,77,CityB,20,0.8,4,4
868,40,91000,80,CityE,9,0.6,5,3
869,23,30000,22,CityD,11,0.4,2,5
870,38,72000,55,CityA,19,0.7,4,7
871,22,35000,40,CityA,12,0.3,2,4
872,25,42000,48,CityB,18,0.4,3,3
873,31,58000,65,CityC,10,0.6,4,5
874,45,86000,72,CityA,15,0.7,3,4
875,52,120000,38,CityD,7,0.2,5,2
876,29,62000,50,CityC,14,0.5,3,6
877,34,75000,77,CityB,20,0.8,4,4
878,40,91000,80,CityE,9,0.6,5,3
879,23,30000,22,CityD,11,0.4,2,5
880,38,72000,55,CityA,19,0.7,4,7
881,22,35000,40,CityA,12,0.3,2,4
882,25,42000,48,CityB,18,0.4,3,3
883,31,58000,65,CityC,10,0.6,4,5
884,45,86000,72,CityA,15,0.7,3,4
885,52,120000,38,CityD,7,0.2,5,2
886,29,62000,50,CityC,14,0.5,3,6
887,34,75000,77,CityB,20,0.8,4,4
888,40,91000,80,CityE,9,0.6,5,3
889,23,30000,22,CityD,11,0.4,2,5
890,38,72000,55,CityA,19,0.7,4,7
891,22,35000,40,CityA,12,0.3,2,4
892,25,42000,48,CityB,18,0.4,3,3
893,31,58000,65,CityC,10,0.6,4,5
894,45,86000,72,CityA,15,0.7,3,4
895,52,120000,38,CityD,7,0.2,5,2
896,29,62000,50,CityC,14,0.5,3,6
897,34,75000,77,CityB,20,0.8,4,4
898,40,91000,80,CityE,9,0.6,5,3
899,23,30000,22,CityD,11,0.4,2,5
900,38,72000,55,CityA,19,0.7,4,7
901,22,35000,40,CityA,12,0.3,2,4
902,25,42000,48,CityB,18,0.4,3,3
903,31,58000,65,CityC,10,0.6,4,5
904,45,86000,72,CityA,15,0.7,3,4
905,52,120000,38,CityD,7,0.2,5,2
906,29,62000,50,CityC,14,0.5,3,6
907,34,75000,77,CityB,20,0.8,4,4
908,40,91000,80,CityE,9,0.6,5,3
909,23,30000,22,CityD,11,0.4,2,5
910,38,72000,55,CityA,19,0.7,4,7
911,22,35000,40,CityA,12,0.3,2,4
912,25,42000,48,CityB,18,0.4,3,3
913,31,58000,65,CityC,10,0.6,4,5
914,45,86000,72,CityA,15,0.7,3,4
915,52,120000,38,CityD,7,0.2,5,2
916,29,62000,50,CityC,14,0.5,3,6
917,34,75000,77,CityB,20,0.8,4,4
918,40,91000,80,CityE,9,0.6,5,3
919,23,30000,22,CityD,11,0.4,2,5
920,38,72000,55,CityA,19,0.7,4,7
921,22,35000,40,CityA,12,0.3,2,4
922,25,42000,48,CityB,18,0.4,3,3
923,31,58000,65,CityC,10,0.6,4,5
924,45,86000,72,CityA,15,0.7,3,4
925,52,120000,38,CityD,7,0.2,5,2
926,29,62000,50,CityC,14,0.5,3,6
927,34,75000,77,CityB,20,0.8,4,4
928,40,91000,80,CityE,9,0.6,5,3
929,23,30000,22,CityD,11,0.4,2,5
930,38,72000,55,CityA,19,0.7,4,7
931,22,35000,40,CityA,12,0.3,2,4
932,25,42000,48,CityB,18,0.4,3,3
933,31,58000,65,CityC,10,0.6,4,5
934,45,86000,72,CityA,15,0.7,3,4
935,52,120000,38,CityD,7,0.2,5,2
936,29,62000,50,CityC,14,0.5,3,6
937,34,75000,77,CityB,20,0.8,4,4
938,40,91000,80,CityE,9,0.6,5,3
939,23,30000,22,CityD,11,0.4,2,5
940,38,72000,55,CityA,19,0.7,4,7
941,22,35000,40,CityA,12,0.3,2,4
942,25,42000,48,CityB,18,0.4,3,3
943,31,58000,65,CityC,10,0.6,4,5
944,45,86000,72,CityA,15,0.7,3,4
945,52,120000,38,CityD,7,0.2,5,2
946,29,62000,50,CityC,14,0.5,3,6
947,34,75000,77,CityB,20,0.8,4,4
948,40,91000,80,CityE,9,0.6,5,3
949,23,30000,22,CityD,11,0.4,2,5
950,38,72000,55,CityA,19,0.7,4,7
951,22,35000,40,CityA,12,0.3,2,4
952,25,42000,48,CityB,18,0.4,3,3
953,31,58000,65,CityC,10,0.6,4,5
954,45,86000,72,CityA,15,0.7,3,4
955,52,120000,38,CityD,7,0.2,5,2
956,29,62000,50,CityC,14,0.5,3,6
957,34,75000,77,CityB,20,0.8,4,4
958,40,91000,80,CityE,9,0.6,5,3
959,23,30000,22,CityD,11,0.4,2,5
960,38,72000,55,CityA,19,0.7,4,7
961,22,35000,40,CityA,12,0.3,2,4
962,25,42000,48,CityB,18,0.4,3,3
963,31,58000,65,CityC,10,0.6,4,5
964,45,86000,72,CityA,15,0.7,3,4
965,52,120000,38,CityD,7,0.2,5,2
966,29,62000,50,CityC,14,0.5,3,6
967,34,75000,77,CityB,20,0.8,4,4
968,40,91000,80,CityE,9,0.6,5,3
969,23,30000,22,CityD,11,0.4,2,5
970,38,72000,55,CityA,19,0.7,4,7
971,22,35000,40,CityA,12,0.3,2,4
972,25,42000,48,CityB,18,0.4,3,3
973,31,58000,65,CityC,10,0.6,4,5
974,45,86000,72,CityA,15,0.7,3,4
975,52,120000,38,CityD,7,0.2,5,2
976,29,62000,50,CityC,14,0.5,3,6
977,34,75000,77,CityB,20,0.8,4,4
978,40,91000,80,CityE,9,0.6,5,3
979,23,30000,22,CityD,11,0.4,2,5
980,38,72000,55,CityA,19,0.7,4,7
981,22,35000,40,CityA,12,0.3,2,4
982,25,42000,48,CityB,18,0.4,3,3
983,31,58000,65,CityC,10,0.6,4,5
984,45,86000,72,CityA,15,0.7,3,4
985,52,120000,38,CityD,7,0.2,5,2
986,29,62000,50,CityC,14,0.5,3,6
987,34,75000,77,CityB,20,0.8,4,4
988,40,91000,80,CityE,9,0.6,5,3
989,23,30000,22,CityD,11,0.4,2,5
990,38,72000,55,CityA,19,0.7,4,7
991,22,35000,40,CityA,12,0.3,2,4
992,25,42000,48,CityB,18,0.4,3,3
993,31,58000,65,CityC,10,0.6,4,5
994,45,86000,72,CityA,15,0.7,3,4
995,52,120000,38,CityD,7,0.2,5,2
996,29,62000,50,CityC,14,0.5,3,6
997,34,75000,77,CityB,20,0.8,4,4
998,40,91000,80,CityE,9,0.6,5,3
999,23,30000,22,CityD,11,0.4,2,5
1000,38,72000,55,CityA,19,0.7,4,7
1001,22,35000,40,CityA,12,0.3,2,4
1002,25,42000,48,CityB,18,0.4,3,3
1003,31,58000,65,CityC,10,0.6,4,5
1004,45,86000,72,CityA,15,0.7,3,4
1005,52,120000,38,CityD,7,0.2,5,2
1006,29,62000,50,CityC,14,0.5,3,6
1007,34,75000,77,CityB,20,0.8,4,4
1008,40,91000,80,CityE,9,0.6,5,3
1009,23,30000,22,CityD,11,0.4,2,5
1010,38,72000,55,CityA,19,0.7,4,7
1011,22,35000,40,CityA,12,0.3,2,4
1012,25,42000,48,CityB,18,0.4,3,3
1013,31,58000,65,CityC,10,0.6,4,5
1014,45,86000,72,CityA,15,0.7,3,4
1015,52,120000,38,CityD,7,0.2,5,2
1016,29,62000,50,CityC,14,0.5,3,6
1017,34,75000,77,CityB,20,0.8,4,4
1018,40,91000,80,CityE,9,0.6,5,3
1019,23,30000,22,CityD,11,0.4,2,5
1020,38,72000,55,CityA,19,0.7,4,7
1021,22,35000,40,CityA,12,0.3,2,4
1022,25,42000,48,CityB,18,0.4,3,3
1023,31,58000,65,CityC,10,0.6,4,5
1024,45,86000,72,CityA,15,0.7,3,4
1025,52,120000,38,CityD,7,0.2,5,2
1026,29,62000,50,CityC,14,0.5,3,6
1027,34,75000,77,CityB,20,0.8,4,4
1028,40,91000,80,CityE,9,0.6,5,3
1029,23,30000,22,CityD,11,0.4,2,5
1030,38,72000,55,CityA,19,0.7,4,7
1031,22,35000,40,CityA,12,0.3,2,4
1032,25,42000,48,CityB,18,0.4,3,3
1033,31,58000,65,CityC,10,0.6,4,5
1034,45,86000,72,CityA,15,0.7,3,4
1035,52,120000,38,CityD,7,0.2,5,2
1036,29,62000,50,CityC,14,0.5,3,6
1037,34,75000,77,CityB,20,0.8,4,4
1038,40,91000,80,CityE,9,0.6,5,3
1039,23,30000,22,CityD,11,0.4,2,5
1040,38,72000,55,CityA,19,0.7,4,7
1041,22,35000,40,CityA,12,0.3,2,4
1042,25,42000,48,CityB,18,0.4,3,3
1043,31,58000,65,CityC,10,0.6,4,5
1044,45,86000,72,CityA,15,0.7,3,4
1045,52,120000,38,CityD,7,0.2,5,2
1046,29,62000,50,CityC,14,0.5,3,6
1047,34,75000,77,CityB,20,0.8,4,4
1048,40,91000,80,CityE,9,0.6,5,3
1049,23,30000,22,CityD,11,0.4,2,5
1050,38,72000,55,CityA,19,0.7,4,7
1051,22,35000,40,CityA,12,0.3,2,4
1052,25,42000,48,CityB,18,0.4,3,3
1053,31,58000,65,CityC,10,0.6,4,5
1054,45,86000,72,CityA,15,0.7,3,4
1055,52,120000,38,CityD,7,0.2,5,2
1056,29,62000,50,CityC,14,0.5,3,6
1057,34,75000,77,CityB,20,0.8,4,4
1058,40,91000,80,CityE,9,0.6,5,3
1059,23,30000,22,CityD,11,0.4,2,5
1060,38,72000,55,CityA,19,0.7,4,7
1061,22,35000,40,CityA,12,0.3,2,4
1062,25,42000,48,CityB,18,0.4,3,3
1063,31,58000,65,CityC,10,0.6,4,5
1064,45,86000,72,CityA,15,0.7,3,4
1065,52,120000,38,CityD,7,0.2,5,2
1066,29,62000,50,CityC,14,0.5,3,6
1067,34,75000,77,CityB,20,0.8,4,4
1068,40,91000,80,CityE,9,0.6,5,3
1069,23,30000,22,CityD,11,0.4,2,5
1070,38,72000,55,CityA,19,0.7,4,7
1071,22,35000,40,CityA,12,0.3,2,4
1072,25,42000,48,CityB,18,0.4,3,3
1073,31,58000,65,CityC,10,0.6,4,5
1074,45,86000,72,CityA,15,0.7,3,4
1075,52,120000,38,CityD,7,0.2,5,2
1076,29,62000,50,CityC,14,0.5,3,6
1077,34,75000,77,CityB,20,0.8,4,4
1078,40,91000,80,CityE,9,0.6,5,3
1079,23,30000,22,CityD,11,0.4,2,5
1080,38,72000,55,CityA,19,0.7,4,7
1081,22,35000,40,CityA,12,0.3,2,4
1082,25,42000,48,CityB,18,0.4,3,3
1083,31,58000,65,CityC,10,0.6,4,5
1084,45,86000,72,CityA,15,0.7,3,4
1085,52,120000,38,CityD,7,0.2,5,2
1086,29,62000,50,CityC,14,0.5,3,6
1087,34,75000,77,CityB,20,0.8,4,4
1088,40,91000,80,CityE,9,0.6,5,3
1089,23,30000,22,CityD,11,0.4,2,5
1090,38,72000,55,CityA,19,0.7,4,7
1091,22,35000,40,CityA,12,0.3,2,4
1092,25,42000,48,CityB,18,0.4,3,3
1093,31,58000,65,CityC,10,0.6,4,5
1094,45,86000,72,CityA,15,0.7,3,4
1095,52,120000,38,CityD,7,0.2,5,2
1096,29,62000,50,CityC,14,0.5,3,6
1097,34,75000,77,CityB,20,0.8,4,4
1098,40,91000,80,CityE,9,0.6,5,3
1099,23,30000,22,CityD,11,0.4,2,5
1100,38,72000,55,CityA,19,0.7,4,7
1101,22,35000,40,CityA,12,0.3,2,4
1102,25,42000,48,CityB,18,0.4,3,3
1103,31,58000,65,CityC,10,0.6,4,5
1104,45,86000,72,CityA,15,0.7,3,4
1105,52,120000,38,CityD,7,0.2,5,2
1106,29,62000,50,CityC,14,0.5,3,6
1107,34,75000,77,CityB,20,0.8,4,4
1108,40,91000,80,CityE,9,0.6,5,3
1109,23,30000,22,CityD,11,0.4,2,5
1110,38,72000,55,CityA,19,0.7,4,7
1111,22,35000,40,CityA,12,0.3,2,4
1112,25,42000,48,CityB,18,0.4,3,3
1113,31,58000,65,CityC,10,0.6,4,5
1114,45,86000,72,CityA,15,0.7,3,4
1115,52,120000,38,CityD,7,0.2,5,2
1116,29,62000,50,CityC,14,0.5,3,6
1117,34,75000,77,CityB,20,0.8,4,4
1118,40,91000,80,CityE,9,0.6,5,3
1119,23,30000,22,CityD,11,0.4,2,5
1120,38,72000,55,CityA,19,0.7,4,7
1121,22,35000,40,CityA,12,0.3,2,4
1122,25,42000,48,CityB,18,0.4,3,3
1123,31,58000,65,CityC,10,0.6,4,5
1124,45,86000,72,CityA,15,0.7,3,4
1125,52,120000,38,CityD,7,0.2,5,2
1126,29,62000,50,CityC,14,0.5,3,6
1127,34,75000,77,CityB,20,0.8,4,4
1128,40,91000,80,CityE,9,0.6,5,3
1129,23,30000,22,CityD,11,0.4,2,5
1130,38,72000,55,CityA,19,0.7,4,7
1131,22,35000,40,CityA,12,0.3,2,4
1132,25,42000,48,CityB,18,0.4,3,3
1133,31,58000,65,CityC,10,0.6,4,5
1134,45,86000,72,CityA,15,0.7,3,4
1135,52,120000,38,CityD,7,0.2,5,2
1136,29,62000,50,CityC,14,0.5,3,6
1137,34,75000,77,CityB,20,0.8,4,4
1138,40,91000,80,CityE,9,0.6,5,3
1139,23,30000,22,CityD,11,0.4,2,5
1140,38,72000,55,CityA,19,0.7,4,7
1141,22,35000,40,CityA,12,0.3,2,4
1142,25,42000,48,CityB,18,0.4,3,3
1143,31,58000,65,CityC,10,0.6,4,5
1144,45,86000,72,CityA,15,0.7,3,4
1145,52,120000,38,CityD,7,0.2,5,2
1146,29,62000,50,CityC,14,0.5,3,6
1147,34,75000,77,CityB,20,0.8,4,4
1148,40,91000,80,CityE,9,0.6,5,3
1149,23,30000,22,CityD,11,0.4,2,5
1150,38,72000,55,CityA,19,0.7,4,7
1151,22,35000,40,CityA,12,0.3,2,4
1152,25,42000,48,CityB,18,0.4,3,3
1153,31,58000,65,CityC,10,0.6,4,5
1154,45,86000,72,CityA,15,0.7,3,4
1155,52,120000,38,CityD,7,0.2,5,2
1156,29,62000,50,CityC,14,0.5,3,6
1157,34,75000,77,CityB,20,0.8,4,4
1158,40,91000,80,CityE,9,0.6,5,3
1159,23,30000,22,CityD,11,0.4,2,5
1160,38,72000,55,CityA,19,0.7,4,7
1161,22,35000,40,CityA,12,0.3,2,4
1162,25,42000,48,CityB,18,0.4,3,3
1163,31,58000,65,CityC,10,0.6,4,5
1164,45,86000,72,CityA,15,0.7,3,4
1165,52,120000,38,CityD,7,0.2,5,2
1166,29,62000,50,CityC,14,0.5,3,6
1167,34,75000,77,CityB,20,0.8,4,4
1168,40,91000,80,CityE,9,0.6,5,3
1169,23,30000,22,CityD,11,0.4,2,5
1170,38,72000,55,CityA,19,0.7,4,7
1171,22,35000,40,CityA,12,0.3,2,4
1172,25,42000,48,CityB,18,0.4,3,3
1173,31,58000,65,CityC,10,0.6,4,5
1174,45,86000,72,CityA,15,0.7,3,4
1175,52,120000,38,CityD,7,0.2,5,2
1176,29,62000,50,CityC,14,0.5,3,6
1177,34,75000,77,CityB,20,0.8,4,4
1178,40,91000,80,CityE,9,0.6,5,3
1179,23,30000,22,CityD,11,0.4,2,5
1180,38,72000,55,CityA,19,0.7,4,7
1181,22,35000,40,CityA,12,0.3,2,4
1182,25,42000,48,CityB,18,0.4,3,3
1183,31,58000,65,CityC,10,0.6,4,5
1184,45,86000,72,CityA,15,0.7,3,4
1185,52,120000,38,CityD,7,0.2,5,2
1186,29,62000,50,CityC,14,0.5,3,6
1187,34,75000,77,CityB,20,0.8,4,4
1188,40,91000,80,CityE,9,0.6,5,3
1189,23,30000,22,CityD,11,0.4,2,5
1190,38,72000,55,CityA,19,0.7,4,7
1191,22,35000,40,CityA,12,0.3,2,4
1192,25,42000,48,CityB,18,0.4,3,3
1193,31,58000,65,CityC,10,0.6,4,5
1194,45,86000,72,CityA,15,0.7,3,4
1195,52,120000,38,CityD,7,0.2,5,2
1196,29,62000,50,CityC,14,0.5,3,6
1197,34,75000,77,CityB,20,0.8,4,4
1198,40,91000,80,CityE,9,0.6,5,3
1199,23,30000,22,CityD,11,0.4,2,5
1200,38,72000,55,CityA,19,0.7,4,7
